{
    "accuracy": 0.9682107175295186,
    "precision": 1.0,
    "recall": 0.7756410256410257,
    "auc": 0.8878205128205128
}